DateTime,Year,Month,Date,Hour,Minute,Second
2020-04-19 11:37:00,2020,4,19,11,37,0
2020-04-21 13:55:00,2020,4,21,13,55,0
2020-04-21 14:37:00,2020,4,21,14,37,0
2020-04-22 08:40:00,2020,4,22,8,40,0
2020-04-22 13:26:00,2020,4,22,13,26,0
2020-04-22 20:00:00,2020,4,22,20,0,0
2020-04-22 21:46:00,2020,4,22,21,46,0
2020-04-22 23:07:00,2020,4,22,23,7,0
2020-04-23 01:08:00,2020,4,23,1,8,0
2020-04-23 06:18:00,2020,4,23,6,18,0
2020-04-23 09:09:00,2020,4,23,9,9,0
2020-04-23 12:38:00,2020,4,23,12,38,0
2020-04-23 14:24:00,2020,4,23,14,24,0
2020-04-23 22:37:00,2020,4,23,22,37,0
2020-04-23 22:47:00,2020,4,23,22,47,0
2020-04-24 02:50:00,2020,4,24,2,50,0
2020-04-24 03:47:00,2020,4,24,3,47,0
2020-04-24 04:07:00,2020,4,24,4,7,0
2020-04-24 12:10:00,2020,4,24,12,10,0
2020-04-24 16:31:00,2020,4,24,16,31,0
2020-04-24 16:59:00,2020,4,24,16,59,0
2020-04-24 21:16:00,2020,4,24,21,16,0
2020-04-24 23:24:00,2020,4,24,23,24,0
2020-04-25 19:28:00,2020,4,25,19,28,0
2020-04-26 01:24:00,2020,4,26,1,24,0
2020-04-26 01:50:00,2020,4,26,1,50,0
2020-04-26 02:26:00,2020,4,26,2,26,0
2020-04-26 08:47:00,2020,4,26,8,47,0
2020-04-26 11:07:00,2020,4,26,11,7,0
2020-04-27 08:53:00,2020,4,27,8,53,0
2020-04-27 09:09:00,2020,4,27,9,9,0
2020-04-27 10:16:00,2020,4,27,10,16,0
2020-04-27 13:03:00,2020,4,27,13,3,0
2020-04-27 19:12:00,2020,4,27,19,12,0
2020-04-27 21:58:00,2020,4,27,21,58,0
2020-04-27 23:26:00,2020,4,27,23,26,0
2020-04-27 23:57:00,2020,4,27,23,57,0
2020-04-28 08:36:00,2020,4,28,8,36,0
2020-04-28 13:07:00,2020,4,28,13,7,0
2020-04-28 13:08:00,2020,4,28,13,8,0
2020-04-29 07:49:00,2020,4,29,7,49,0
2020-04-29 09:40:00,2020,4,29,9,40,0
2020-04-29 15:41:00,2020,4,29,15,41,0
2020-04-29 16:56:00,2020,4,29,16,56,0
2020-04-29 20:25:00,2020,4,29,20,25,0
2020-04-29 21:06:00,2020,4,29,21,6,0
2020-04-29 23:43:00,2020,4,29,23,43,0
2020-04-30 01:33:00,2020,4,30,1,33,0
2020-04-30 09:52:00,2020,4,30,9,52,0
2020-04-30 10:17:00,2020,4,30,10,17,0
2020-04-30 21:02:00,2020,4,30,21,2,0
2020-04-30 22:28:00,2020,4,30,22,28,0
2020-05-01 07:44:00,2020,5,1,7,44,0
2020-05-01 09:39:00,2020,5,1,9,39,0
2020-05-01 14:05:00,2020,5,1,14,5,0
2020-05-01 17:58:00,2020,5,1,17,58,0
2020-05-01 21:25:00,2020,5,1,21,25,0
2020-05-01 23:40:00,2020,5,1,23,40,0
2020-05-02 00:10:00,2020,5,2,0,10,0
2020-05-02 08:52:00,2020,5,2,8,52,0
2020-05-02 21:43:00,2020,5,2,21,43,0
2020-05-03 14:44:00,2020,5,3,14,44,0
2020-05-03 19:17:00,2020,5,3,19,17,0
2020-05-03 20:19:00,2020,5,3,20,19,0
2020-05-03 22:45:00,2020,5,3,22,45,0
2020-05-04 04:05:00,2020,5,4,4,5,0
2020-05-04 07:23:00,2020,5,4,7,23,0
2020-05-04 07:56:00,2020,5,4,7,56,0
2020-05-04 08:07:00,2020,5,4,8,7,0
2020-05-04 09:09:00,2020,5,4,9,9,0
2020-05-04 11:33:00,2020,5,4,11,33,0
2020-04-19 11:38:00,2020,4,19,11,38,0
2020-04-21 14:07:00,2020,4,21,14,7,0
2020-04-21 14:45:00,2020,4,21,14,45,0
2020-04-22 09:18:00,2020,4,22,9,18,0
2020-04-22 13:35:00,2020,4,22,13,35,0
2020-04-22 20:34:00,2020,4,22,20,34,0
2020-04-22 21:55:00,2020,4,22,21,55,0
2020-04-22 23:19:00,2020,4,22,23,19,0
2020-04-23 03:26:00,2020,4,23,3,26,0
2020-04-23 08:36:00,2020,4,23,8,36,0
2020-04-23 09:18:00,2020,4,23,9,18,0
2020-04-23 12:46:00,2020,4,23,12,46,0
2020-04-23 14:29:00,2020,4,23,14,29,0
2020-04-23 16:55:00,2020,4,23,16,55,0
2020-04-23 23:06:00,2020,4,23,23,6,0
2020-04-24 10:51:00,2020,4,24,10,51,0
2020-04-24 12:27:00,2020,4,24,12,27,0
2020-04-24 16:40:00,2020,4,24,16,40,0
2020-04-24 17:42:00,2020,4,24,17,42,0
2020-04-24 21:31:00,2020,4,24,21,31,0
2020-04-24 23:32:00,2020,4,24,23,32,0
2020-04-25 09:18:00,2020,4,25,9,18,0
2020-04-25 19:32:00,2020,4,25,19,32,0
2020-04-26 06:46:00,2020,4,26,6,46,0
2020-04-26 10:23:00,2020,4,26,10,23,0
2020-04-26 11:08:00,2020,4,26,11,8,0
2020-04-26 21:54:00,2020,4,26,21,54,0
2020-04-27 08:57:00,2020,4,27,8,57,0
2020-04-27 09:18:00,2020,4,27,9,18,0
2020-04-27 10:19:00,2020,4,27,10,19,0
2020-04-27 11:58:00,2020,4,27,11,58,0
2020-04-27 13:05:00,2020,4,27,13,5,0
2020-04-27 16:55:00,2020,4,27,16,55,0
2020-04-27 19:31:00,2020,4,27,19,31,0
2020-04-27 23:01:00,2020,4,27,23,1,0
2020-04-27 23:39:00,2020,4,27,23,39,0
2020-04-28 08:38:00,2020,4,28,8,38,0
2020-04-28 13:26:00,2020,4,28,13,26,0
2020-04-29 09:16:00,2020,4,29,9,16,0
2020-04-29 10:46:00,2020,4,29,10,46,0
2020-04-29 15:56:00,2020,4,29,15,56,0
2020-04-29 17:08:00,2020,4,29,17,8,0
2020-04-29 20:42:00,2020,4,29,20,42,0
2020-04-29 21:18:00,2020,4,29,21,18,0
2020-04-29 23:51:00,2020,4,29,23,51,0
2020-04-30 01:46:00,2020,4,30,1,46,0
2020-04-30 10:25:00,2020,4,30,10,25,0
2020-04-30 21:04:00,2020,4,30,21,4,0
2020-04-30 22:30:00,2020,4,30,22,30,0
2020-05-01 08:13:00,2020,5,1,8,13,0
2020-05-01 10:09:00,2020,5,1,10,9,0
2020-05-01 14:07:00,2020,5,1,14,7,0
2020-05-01 17:59:00,2020,5,1,17,59,0
2020-05-01 21:37:00,2020,5,1,21,37,0
2020-05-01 23:50:00,2020,5,1,23,50,0
2020-05-02 01:14:00,2020,5,2,1,14,0
2020-05-02 08:13:00,2020,5,2,8,13,0
2020-05-02 09:22:00,2020,5,2,9,22,0
2020-05-02 19:44:00,2020,5,2,19,44,0
2020-05-02 23:05:00,2020,5,2,23,5,0
2020-05-03 14:50:00,2020,5,3,14,50,0
2020-05-03 19:21:00,2020,5,3,19,21,0
2020-05-03 20:22:00,2020,5,3,20,22,0
2020-05-03 23:22:00,2020,5,3,23,22,0
2020-05-04 08:05:00,2020,5,4,8,5,0
2020-05-04 08:16:00,2020,5,4,8,16,0
2020-05-04 09:20:00,2020,5,4,9,20,0
2020-05-04 12:02:00,2020,5,4,12,2,0
2020-05-04 16:33:00,2020,5,4,16,33,0
2020-04-21 14:17:00,2020,4,21,14,17,0
2020-04-21 14:52:00,2020,4,21,14,52,0
2020-04-22 10:48:00,2020,4,22,10,48,0
2020-04-22 14:13:00,2020,4,22,14,13,0
2020-04-22 20:35:00,2020,4,22,20,35,0
2020-04-22 22:55:00,2020,4,22,22,55,0
2020-04-22 23:23:00,2020,4,22,23,23,0
2020-04-23 06:01:00,2020,4,23,6,1,0
2020-04-23 08:56:00,2020,4,23,8,56,0
2020-04-23 09:20:00,2020,4,23,9,20,0
2020-04-23 13:24:00,2020,4,23,13,24,0
2020-04-23 14:33:00,2020,4,23,14,33,0
2020-04-23 17:17:00,2020,4,23,17,17,0
2020-04-23 23:24:00,2020,4,23,23,24,0
2020-04-24 10:53:00,2020,4,24,10,53,0
2020-04-24 12:28:00,2020,4,24,12,28,0
2020-04-24 17:48:00,2020,4,24,17,48,0
2020-04-24 21:56:00,2020,4,24,21,56,0
2020-04-24 23:34:00,2020,4,24,23,34,0
2020-04-25 09:24:00,2020,4,25,9,24,0
2020-04-25 20:17:00,2020,4,25,20,17,0
2020-04-26 10:24:00,2020,4,26,10,24,0
2020-04-26 11:09:00,2020,4,26,11,9,0
2020-04-26 22:45:00,2020,4,26,22,45,0
2020-04-27 09:05:00,2020,4,27,9,5,0
2020-04-27 10:25:00,2020,4,27,10,25,0
2020-04-27 12:06:00,2020,4,27,12,6,0
2020-04-27 13:24:00,2020,4,27,13,24,0
2020-04-27 16:56:00,2020,4,27,16,56,0
2020-04-27 19:32:00,2020,4,27,19,32,0
2020-04-27 23:42:00,2020,4,27,23,42,0
2020-04-28 08:39:00,2020,4,28,8,39,0
2020-04-28 13:46:00,2020,4,28,13,46,0
2020-04-29 10:47:00,2020,4,29,10,47,0
2020-04-29 16:03:00,2020,4,29,16,3,0
2020-04-29 17:11:00,2020,4,29,17,11,0
2020-04-29 21:19:00,2020,4,29,21,19,0
2020-04-30 00:12:00,2020,4,30,0,12,0
2020-04-30 10:26:00,2020,4,30,10,26,0
2020-04-30 21:05:00,2020,4,30,21,5,0
2020-04-30 23:08:00,2020,4,30,23,8,0
2020-05-01 08:20:00,2020,5,1,8,20,0
2020-05-01 10:26:00,2020,5,1,10,26,0
2020-05-01 14:30:00,2020,5,1,14,30,0
2020-05-01 18:04:00,2020,5,1,18,4,0
2020-05-01 22:13:00,2020,5,1,22,13,0
2020-05-02 09:26:00,2020,5,2,9,26,0
2020-05-02 19:49:00,2020,5,2,19,49,0
2020-05-02 23:18:00,2020,5,2,23,18,0
2020-05-03 08:27:00,2020,5,3,8,27,0
2020-05-03 15:13:00,2020,5,3,15,13,0
2020-05-03 19:23:00,2020,5,3,19,23,0
2020-05-03 20:25:00,2020,5,3,20,25,0
2020-05-03 23:35:00,2020,5,3,23,35,0
2020-05-04 09:31:00,2020,5,4,9,31,0
2020-05-04 12:14:00,2020,5,4,12,14,0
2020-05-04 16:52:00,2020,5,4,16,52,0
2020-04-21 14:18:00,2020,4,21,14,18,0
2020-04-21 16:17:00,2020,4,21,16,17,0
2020-04-22 10:51:00,2020,4,22,10,51,0
2020-04-22 14:34:00,2020,4,22,14,34,0
2020-04-22 20:36:00,2020,4,22,20,36,0
2020-04-23 09:25:00,2020,4,23,9,25,0
2020-04-23 13:38:00,2020,4,23,13,38,0
2020-04-23 14:36:00,2020,4,23,14,36,0
2020-04-23 17:27:00,2020,4,23,17,27,0
2020-04-24 12:32:00,2020,4,24,12,32,0
2020-04-24 16:55:00,2020,4,24,16,55,0
2020-04-24 18:05:00,2020,4,24,18,5,0
2020-04-24 22:34:00,2020,4,24,22,34,0
2020-04-24 23:40:00,2020,4,24,23,40,0
2020-04-25 09:53:00,2020,4,25,9,53,0
2020-04-25 20:39:00,2020,4,25,20,39,0
2020-04-26 10:34:00,2020,4,26,10,34,0
2020-04-26 11:10:00,2020,4,26,11,10,0
2020-04-27 12:08:00,2020,4,27,12,8,0
2020-04-27 13:42:00,2020,4,27,13,42,0
2020-04-27 16:59:00,2020,4,27,16,59,0
2020-04-27 19:33:00,2020,4,27,19,33,0
2020-04-28 08:43:00,2020,4,28,8,43,0
2020-04-28 14:17:00,2020,4,28,14,17,0
2020-04-29 11:06:00,2020,4,29,11,6,0
2020-04-29 16:09:00,2020,4,29,16,9,0
2020-04-29 17:33:00,2020,4,29,17,33,0
2020-04-29 21:42:00,2020,4,29,21,42,0
2020-04-30 00:44:00,2020,4,30,0,44,0
2020-04-30 10:45:00,2020,4,30,10,45,0
2020-04-30 21:46:00,2020,4,30,21,46,0
2020-04-30 23:10:00,2020,4,30,23,10,0
2020-05-01 08:31:00,2020,5,1,8,31,0
2020-05-01 10:32:00,2020,5,1,10,32,0
2020-05-01 14:33:00,2020,5,1,14,33,0
2020-05-01 18:29:00,2020,5,1,18,29,0
2020-05-02 09:28:00,2020,5,2,9,28,0
2020-05-02 19:55:00,2020,5,2,19,55,0
2020-05-02 23:40:00,2020,5,2,23,40,0
2020-05-03 09:19:00,2020,5,3,9,19,0
2020-05-03 15:46:00,2020,5,3,15,46,0
2020-05-03 19:35:00,2020,5,3,19,35,0
2020-05-03 20:26:00,2020,5,3,20,26,0
2020-05-04 00:06:00,2020,5,4,0,6,0
2020-05-04 09:49:00,2020,5,4,9,49,0
2020-05-04 12:20:00,2020,5,4,12,20,0
2020-05-04 16:58:00,2020,5,4,16,58,0
2020-04-21 14:19:00,2020,4,21,14,19,0
2020-04-21 16:29:00,2020,4,21,16,29,0
2020-04-22 10:52:00,2020,4,22,10,52,0
2020-04-22 14:35:00,2020,4,22,14,35,0
2020-04-23 09:26:00,2020,4,23,9,26,0
2020-04-23 14:04:00,2020,4,23,14,4,0
2020-04-23 14:39:00,2020,4,23,14,39,0
2020-04-23 17:32:00,2020,4,23,17,32,0
2020-04-24 11:02:00,2020,4,24,11,2,0
2020-04-24 12:40:00,2020,4,24,12,40,0
2020-04-24 18:10:00,2020,4,24,18,10,0
2020-04-24 22:51:00,2020,4,24,22,51,0
2020-04-25 09:57:00,2020,4,25,9,57,0
2020-04-25 20:48:00,2020,4,25,20,48,0
2020-04-26 10:35:00,2020,4,26,10,35,0
2020-04-26 11:17:00,2020,4,26,11,17,0
2020-04-27 12:17:00,2020,4,27,12,17,0
2020-04-27 14:30:00,2020,4,27,14,30,0
2020-04-27 17:00:00,2020,4,27,17,0,0
2020-04-28 09:06:00,2020,4,28,9,6,0
2020-04-28 14:29:00,2020,4,28,14,29,0
2020-04-29 11:15:00,2020,4,29,11,15,0
2020-04-29 16:27:00,2020,4,29,16,27,0
2020-04-29 18:18:00,2020,4,29,18,18,0
2020-04-29 21:44:00,2020,4,29,21,44,0
2020-04-30 10:48:00,2020,4,30,10,48,0
2020-04-30 22:06:00,2020,4,30,22,6,0
2020-04-30 23:25:00,2020,4,30,23,25,0
2020-05-01 08:33:00,2020,5,1,8,33,0
2020-05-01 10:39:00,2020,5,1,10,39,0
2020-05-01 15:10:00,2020,5,1,15,10,0
2020-05-01 18:36:00,2020,5,1,18,36,0
2020-05-02 09:31:00,2020,5,2,9,31,0
2020-05-02 19:58:00,2020,5,2,19,58,0
2020-05-03 09:26:00,2020,5,3,9,26,0
2020-05-03 15:51:00,2020,5,3,15,51,0
2020-05-03 19:36:00,2020,5,3,19,36,0
2020-05-03 20:41:00,2020,5,3,20,41,0
2020-05-04 09:51:00,2020,5,4,9,51,0
2020-05-04 12:25:00,2020,5,4,12,25,0
2020-05-04 17:20:00,2020,5,4,17,20,0
2020-04-21 14:26:00,2020,4,21,14,26,0
2020-04-21 16:30:00,2020,4,21,16,30,0
2020-04-22 11:00:00,2020,4,22,11,0,0
2020-04-22 14:38:00,2020,4,22,14,38,0
2020-04-23 09:47:00,2020,4,23,9,47,0
2020-04-23 14:45:00,2020,4,23,14,45,0
2020-04-23 18:57:00,2020,4,23,18,57,0
2020-04-24 11:03:00,2020,4,24,11,3,0
2020-04-24 13:18:00,2020,4,24,13,18,0
2020-04-24 18:19:00,2020,4,24,18,19,0
2020-04-24 23:09:00,2020,4,24,23,9,0
2020-04-25 09:59:00,2020,4,25,9,59,0
2020-04-25 21:02:00,2020,4,25,21,2,0
2020-04-26 10:46:00,2020,4,26,10,46,0
2020-04-26 11:36:00,2020,4,26,11,36,0
2020-04-27 12:18:00,2020,4,27,12,18,0
2020-04-27 14:31:00,2020,4,27,14,31,0
2020-04-27 17:09:00,2020,4,27,17,9,0
2020-04-27 19:43:00,2020,4,27,19,43,0
2020-04-28 09:16:00,2020,4,28,9,16,0
2020-04-28 14:38:00,2020,4,28,14,38,0
2020-04-29 11:27:00,2020,4,29,11,27,0
2020-04-29 16:47:00,2020,4,29,16,47,0
2020-04-29 18:19:00,2020,4,29,18,19,0
2020-04-30 11:04:00,2020,4,30,11,4,0
2020-04-30 22:22:00,2020,4,30,22,22,0
2020-05-01 03:08:00,2020,5,1,3,8,0
2020-05-01 09:17:00,2020,5,1,9,17,0
2020-05-01 11:22:00,2020,5,1,11,22,0
2020-05-01 15:54:00,2020,5,1,15,54,0
2020-05-01 18:37:00,2020,5,1,18,37,0
2020-05-02 09:57:00,2020,5,2,9,57,0
2020-05-02 20:05:00,2020,5,2,20,5,0
2020-05-03 09:30:00,2020,5,3,9,30,0
2020-05-03 16:16:00,2020,5,3,16,16,0
2020-05-03 19:41:00,2020,5,3,19,41,0
2020-05-03 20:43:00,2020,5,3,20,43,0
2020-05-04 10:02:00,2020,5,4,10,2,0
2020-05-04 12:26:00,2020,5,4,12,26,0
2020-05-04 17:33:00,2020,5,4,17,33,0
2020-04-21 16:44:00,2020,4,21,16,44,0
2020-04-22 11:02:00,2020,4,22,11,2,0
2020-04-22 14:48:00,2020,4,22,14,48,0
2020-04-23 09:49:00,2020,4,23,9,49,0
2020-04-23 14:53:00,2020,4,23,14,53,0
2020-04-23 19:33:00,2020,4,23,19,33,0
2020-04-24 11:24:00,2020,4,24,11,24,0
2020-04-24 13:19:00,2020,4,24,13,19,0
2020-04-24 18:37:00,2020,4,24,18,37,0
2020-04-25 10:21:00,2020,4,25,10,21,0
2020-04-25 21:08:00,2020,4,25,21,8,0
2020-04-26 10:50:00,2020,4,26,10,50,0
2020-04-27 12:19:00,2020,4,27,12,19,0
2020-04-27 14:32:00,2020,4,27,14,32,0
2020-04-27 17:14:00,2020,4,27,17,14,0
2020-04-27 19:49:00,2020,4,27,19,49,0
2020-04-28 09:17:00,2020,4,28,9,17,0
2020-04-28 14:49:00,2020,4,28,14,49,0
2020-04-29 11:31:00,2020,4,29,11,31,0
2020-04-29 16:52:00,2020,4,29,16,52,0
2020-04-29 18:22:00,2020,4,29,18,22,0
2020-04-30 11:08:00,2020,4,30,11,8,0
2020-04-30 22:27:00,2020,4,30,22,27,0
2020-05-01 11:23:00,2020,5,1,11,23,0
2020-05-01 16:41:00,2020,5,1,16,41,0
2020-05-01 18:39:00,2020,5,1,18,39,0
2020-05-02 09:59:00,2020,5,2,9,59,0
2020-05-02 20:07:00,2020,5,2,20,7,0
2020-05-03 09:33:00,2020,5,3,9,33,0
2020-05-03 16:24:00,2020,5,3,16,24,0
2020-05-03 19:54:00,2020,5,3,19,54,0
2020-05-03 20:47:00,2020,5,3,20,47,0
2020-05-04 12:27:00,2020,5,4,12,27,0
2020-05-04 17:34:00,2020,5,4,17,34,0
2020-04-21 17:04:00,2020,4,21,17,4,0
2020-04-22 11:05:00,2020,4,22,11,5,0
2020-04-22 16:14:00,2020,4,22,16,14,0
2020-04-23 10:25:00,2020,4,23,10,25,0
2020-04-23 14:56:00,2020,4,23,14,56,0
2020-04-23 19:34:00,2020,4,23,19,34,0
2020-04-24 11:26:00,2020,4,24,11,26,0
2020-04-24 13:22:00,2020,4,24,13,22,0
2020-04-24 18:40:00,2020,4,24,18,40,0
2020-04-25 10:59:00,2020,4,25,10,59,0
2020-04-25 22:45:00,2020,4,25,22,45,0
2020-04-26 11:06:00,2020,4,26,11,6,0
2020-04-27 12:20:00,2020,4,27,12,20,0
2020-04-27 14:33:00,2020,4,27,14,33,0
2020-04-27 17:17:00,2020,4,27,17,17,0
2020-04-27 19:57:00,2020,4,27,19,57,0
2020-04-28 09:18:00,2020,4,28,9,18,0
2020-04-28 14:54:00,2020,4,28,14,54,0
2020-04-29 11:51:00,2020,4,29,11,51,0
2020-04-29 16:55:00,2020,4,29,16,55,0
2020-04-29 18:23:00,2020,4,29,18,23,0
2020-04-30 11:41:00,2020,4,30,11,41,0
2020-05-01 11:25:00,2020,5,1,11,25,0
2020-05-01 16:42:00,2020,5,1,16,42,0
2020-05-01 18:42:00,2020,5,1,18,42,0
2020-05-02 10:03:00,2020,5,2,10,3,0
2020-05-02 20:32:00,2020,5,2,20,32,0
2020-05-03 09:54:00,2020,5,3,9,54,0
2020-05-03 20:52:00,2020,5,3,20,52,0
2020-05-04 12:28:00,2020,5,4,12,28,0
2020-05-04 18:04:00,2020,5,4,18,4,0
2020-04-21 17:20:00,2020,4,21,17,20,0
2020-04-22 11:10:00,2020,4,22,11,10,0
2020-04-22 16:22:00,2020,4,22,16,22,0
2020-04-23 10:39:00,2020,4,23,10,39,0
2020-04-23 19:40:00,2020,4,23,19,40,0
2020-04-24 11:27:00,2020,4,24,11,27,0
2020-04-24 13:53:00,2020,4,24,13,53,0
2020-04-24 18:56:00,2020,4,24,18,56,0
2020-04-25 11:42:00,2020,4,25,11,42,0
2020-04-25 23:21:00,2020,4,25,23,21,0
2020-04-27 12:24:00,2020,4,27,12,24,0
2020-04-27 14:34:00,2020,4,27,14,34,0
2020-04-27 17:18:00,2020,4,27,17,18,0
2020-04-27 19:59:00,2020,4,27,19,59,0
2020-04-28 09:29:00,2020,4,28,9,29,0
2020-04-28 15:37:00,2020,4,28,15,37,0
2020-04-29 11:52:00,2020,4,29,11,52,0
2020-04-29 18:31:00,2020,4,29,18,31,0
2020-04-30 11:42:00,2020,4,30,11,42,0
2020-05-01 11:52:00,2020,5,1,11,52,0
2020-05-01 16:57:00,2020,5,1,16,57,0
2020-05-01 18:43:00,2020,5,1,18,43,0
2020-05-02 10:05:00,2020,5,2,10,5,0
2020-05-02 20:37:00,2020,5,2,20,37,0
2020-05-03 09:55:00,2020,5,3,9,55,0
2020-05-03 21:01:00,2020,5,3,21,1,0
2020-05-04 12:29:00,2020,5,4,12,29,0
2020-05-04 18:06:00,2020,5,4,18,6,0
2020-04-21 17:34:00,2020,4,21,17,34,0
2020-04-22 16:27:00,2020,4,22,16,27,0
2020-04-23 10:45:00,2020,4,23,10,45,0
2020-04-23 19:44:00,2020,4,23,19,44,0
2020-04-24 11:28:00,2020,4,24,11,28,0
2020-04-24 14:10:00,2020,4,24,14,10,0
2020-04-24 19:27:00,2020,4,24,19,27,0
2020-04-25 11:45:00,2020,4,25,11,45,0
2020-04-27 12:45:00,2020,4,27,12,45,0
2020-04-27 14:36:00,2020,4,27,14,36,0
2020-04-27 17:42:00,2020,4,27,17,42,0
2020-04-27 20:20:00,2020,4,27,20,20,0
2020-04-28 09:43:00,2020,4,28,9,43,0
2020-04-28 15:38:00,2020,4,28,15,38,0
2020-04-29 11:54:00,2020,4,29,11,54,0
2020-04-29 18:39:00,2020,4,29,18,39,0
2020-04-30 11:43:00,2020,4,30,11,43,0
2020-05-01 11:53:00,2020,5,1,11,53,0
2020-05-01 17:02:00,2020,5,1,17,2,0
2020-05-01 18:55:00,2020,5,1,18,55,0
2020-05-02 10:07:00,2020,5,2,10,7,0
2020-05-02 20:48:00,2020,5,2,20,48,0
2020-05-03 09:56:00,2020,5,3,9,56,0
2020-05-03 21:04:00,2020,5,3,21,4,0
2020-05-04 12:31:00,2020,5,4,12,31,0
2020-05-04 18:20:00,2020,5,4,18,20,0
2020-04-21 17:52:00,2020,4,21,17,52,0
2020-04-22 16:32:00,2020,4,22,16,32,0
2020-04-23 11:27:00,2020,4,23,11,27,0
2020-04-23 19:45:00,2020,4,23,19,45,0
2020-04-24 11:29:00,2020,4,24,11,29,0
2020-04-24 14:11:00,2020,4,24,14,11,0
2020-04-24 19:41:00,2020,4,24,19,41,0
2020-04-25 12:02:00,2020,4,25,12,2,0
2020-04-27 12:46:00,2020,4,27,12,46,0
2020-04-27 15:23:00,2020,4,27,15,23,0
2020-04-27 18:11:00,2020,4,27,18,11,0
2020-04-27 20:28:00,2020,4,27,20,28,0
2020-04-28 09:50:00,2020,4,28,9,50,0
2020-04-28 15:45:00,2020,4,28,15,45,0
2020-04-29 11:55:00,2020,4,29,11,55,0
2020-04-29 18:58:00,2020,4,29,18,58,0
2020-04-30 11:45:00,2020,4,30,11,45,0
2020-05-01 11:59:00,2020,5,1,11,59,0
2020-05-01 17:08:00,2020,5,1,17,8,0
2020-05-01 19:03:00,2020,5,1,19,3,0
2020-05-02 10:08:00,2020,5,2,10,8,0
2020-05-02 20:54:00,2020,5,2,20,54,0
2020-05-03 09:57:00,2020,5,3,9,57,0
2020-05-03 16:41:00,2020,5,3,16,41,0
2020-05-03 21:13:00,2020,5,3,21,13,0
2020-05-04 18:33:00,2020,5,4,18,33,0
2020-04-22 16:34:00,2020,4,22,16,34,0
2020-04-23 11:30:00,2020,4,23,11,30,0
2020-04-23 19:46:00,2020,4,23,19,46,0
2020-04-24 11:30:00,2020,4,24,11,30,0
2020-04-24 14:12:00,2020,4,24,14,12,0
2020-04-24 19:42:00,2020,4,24,19,42,0
2020-04-25 12:03:00,2020,4,25,12,3,0
2020-04-27 12:47:00,2020,4,27,12,47,0
2020-04-27 15:33:00,2020,4,27,15,33,0
2020-04-27 18:54:00,2020,4,27,18,54,0
2020-04-27 20:30:00,2020,4,27,20,30,0
2020-04-28 10:08:00,2020,4,28,10,8,0
2020-04-28 16:25:00,2020,4,28,16,25,0
2020-04-29 11:56:00,2020,4,29,11,56,0
2020-04-29 19:05:00,2020,4,29,19,5,0
2020-04-30 11:46:00,2020,4,30,11,46,0
2020-05-01 12:06:00,2020,5,1,12,6,0
2020-05-01 17:26:00,2020,5,1,17,26,0
2020-05-01 19:28:00,2020,5,1,19,28,0
2020-05-02 10:59:00,2020,5,2,10,59,0
2020-05-02 20:59:00,2020,5,2,20,59,0
2020-05-03 09:58:00,2020,5,3,9,58,0
2020-05-03 16:44:00,2020,5,3,16,44,0
2020-05-03 21:14:00,2020,5,3,21,14,0
2020-05-04 18:39:00,2020,5,4,18,39,0
2020-04-21 18:24:00,2020,4,21,18,24,0
2020-04-22 16:35:00,2020,4,22,16,35,0
2020-04-23 11:51:00,2020,4,23,11,51,0
2020-04-23 19:50:00,2020,4,23,19,50,0
2020-04-24 11:31:00,2020,4,24,11,31,0
2020-04-24 14:17:00,2020,4,24,14,17,0
2020-04-24 19:58:00,2020,4,24,19,58,0
2020-04-25 12:05:00,2020,4,25,12,5,0
2020-04-27 12:48:00,2020,4,27,12,48,0
2020-04-27 15:34:00,2020,4,27,15,34,0
2020-04-27 20:40:00,2020,4,27,20,40,0
2020-04-28 10:16:00,2020,4,28,10,16,0
2020-04-28 16:49:00,2020,4,28,16,49,0
2020-04-29 11:57:00,2020,4,29,11,57,0
2020-04-29 19:20:00,2020,4,29,19,20,0
2020-04-30 11:47:00,2020,4,30,11,47,0
2020-05-01 12:13:00,2020,5,1,12,13,0
2020-05-01 17:31:00,2020,5,1,17,31,0
2020-05-01 19:46:00,2020,5,1,19,46,0
2020-05-02 11:00:00,2020,5,2,11,0,0
2020-05-02 21:05:00,2020,5,2,21,5,0
2020-05-03 10:01:00,2020,5,3,10,1,0
2020-05-03 16:50:00,2020,5,3,16,50,0
2020-05-03 21:51:00,2020,5,3,21,51,0
2020-05-04 18:41:00,2020,5,4,18,41,0
2020-04-21 18:26:00,2020,4,21,18,26,0
2020-04-22 17:29:00,2020,4,22,17,29,0
2020-04-23 11:56:00,2020,4,23,11,56,0
2020-04-23 19:55:00,2020,4,23,19,55,0
2020-04-24 11:32:00,2020,4,24,11,32,0
2020-04-24 14:19:00,2020,4,24,14,19,0
2020-04-24 20:24:00,2020,4,24,20,24,0
2020-04-25 12:06:00,2020,4,25,12,6,0
2020-04-27 12:49:00,2020,4,27,12,49,0
2020-04-27 15:42:00,2020,4,27,15,42,0
2020-04-27 20:58:00,2020,4,27,20,58,0
2020-04-28 10:17:00,2020,4,28,10,17,0
2020-04-28 16:50:00,2020,4,28,16,50,0
2020-04-29 11:58:00,2020,4,29,11,58,0
2020-04-29 19:21:00,2020,4,29,19,21,0
2020-04-30 11:48:00,2020,4,30,11,48,0
2020-05-01 12:15:00,2020,5,1,12,15,0
2020-05-01 19:51:00,2020,5,1,19,51,0
2020-05-02 11:13:00,2020,5,2,11,13,0
2020-05-02 21:06:00,2020,5,2,21,6,0
2020-05-03 10:40:00,2020,5,3,10,40,0
2020-05-03 16:51:00,2020,5,3,16,51,0
2020-05-04 18:43:00,2020,5,4,18,43,0
2020-04-21 18:32:00,2020,4,21,18,32,0
2020-04-22 17:34:00,2020,4,22,17,34,0
2020-04-23 12:30:00,2020,4,23,12,30,0
2020-04-23 19:59:00,2020,4,23,19,59,0
2020-04-24 11:33:00,2020,4,24,11,33,0
2020-04-24 14:37:00,2020,4,24,14,37,0
2020-04-25 12:07:00,2020,4,25,12,7,0
2020-04-27 12:50:00,2020,4,27,12,50,0
2020-04-27 15:43:00,2020,4,27,15,43,0
2020-04-27 21:32:00,2020,4,27,21,32,0
2020-04-28 10:18:00,2020,4,28,10,18,0
2020-04-28 16:52:00,2020,4,28,16,52,0
2020-04-29 12:07:00,2020,4,29,12,7,0
2020-04-29 19:27:00,2020,4,29,19,27,0
2020-04-30 11:50:00,2020,4,30,11,50,0
2020-05-01 12:17:00,2020,5,1,12,17,0
2020-05-01 20:46:00,2020,5,1,20,46,0
2020-05-02 11:18:00,2020,5,2,11,18,0
2020-05-02 21:22:00,2020,5,2,21,22,0
2020-05-03 10:56:00,2020,5,3,10,56,0
2020-05-03 16:57:00,2020,5,3,16,57,0
2020-05-04 18:52:00,2020,5,4,18,52,0
2020-04-21 18:35:00,2020,4,21,18,35,0
2020-04-22 17:44:00,2020,4,22,17,44,0
2020-04-23 12:37:00,2020,4,23,12,37,0
2020-04-23 20:13:00,2020,4,23,20,13,0
2020-04-24 11:34:00,2020,4,24,11,34,0
2020-04-24 15:36:00,2020,4,24,15,36,0
2020-04-25 12:08:00,2020,4,25,12,8,0
2020-04-27 15:45:00,2020,4,27,15,45,0
2020-04-28 10:26:00,2020,4,28,10,26,0
2020-04-29 12:08:00,2020,4,29,12,8,0
2020-04-29 19:28:00,2020,4,29,19,28,0
2020-04-30 12:46:00,2020,4,30,12,46,0
2020-05-01 12:18:00,2020,5,1,12,18,0
2020-05-01 20:53:00,2020,5,1,20,53,0
2020-05-02 11:28:00,2020,5,2,11,28,0
2020-05-03 11:01:00,2020,5,3,11,1,0
2020-05-03 16:58:00,2020,5,3,16,58,0
2020-05-04 18:53:00,2020,5,4,18,53,0
2020-04-21 18:52:00,2020,4,21,18,52,0
2020-04-22 17:45:00,2020,4,22,17,45,0
2020-04-23 20:55:00,2020,4,23,20,55,0
2020-04-24 11:35:00,2020,4,24,11,35,0
2020-04-24 15:40:00,2020,4,24,15,40,0
2020-04-25 12:09:00,2020,4,25,12,9,0
2020-04-27 16:06:00,2020,4,27,16,6,0
2020-04-28 10:37:00,2020,4,28,10,37,0
2020-04-28 17:08:00,2020,4,28,17,8,0
2020-04-29 13:01:00,2020,4,29,13,1,0
2020-04-29 19:33:00,2020,4,29,19,33,0
2020-04-30 13:14:00,2020,4,30,13,14,0
2020-05-01 12:19:00,2020,5,1,12,19,0
2020-05-01 21:01:00,2020,5,1,21,1,0
2020-05-02 11:29:00,2020,5,2,11,29,0
2020-05-03 11:02:00,2020,5,3,11,2,0
2020-05-03 17:07:00,2020,5,3,17,7,0
2020-05-04 18:54:00,2020,5,4,18,54,0
2020-04-21 19:02:00,2020,4,21,19,2,0
2020-04-22 19:04:00,2020,4,22,19,4,0
2020-04-23 20:58:00,2020,4,23,20,58,0
2020-04-24 16:05:00,2020,4,24,16,5,0
2020-04-25 12:10:00,2020,4,25,12,10,0
2020-04-28 10:53:00,2020,4,28,10,53,0
2020-04-29 13:05:00,2020,4,29,13,5,0
2020-04-29 19:41:00,2020,4,29,19,41,0
2020-04-30 13:15:00,2020,4,30,13,15,0
2020-05-01 12:20:00,2020,5,1,12,20,0
2020-05-01 21:22:00,2020,5,1,21,22,0
2020-05-02 11:30:00,2020,5,2,11,30,0
2020-05-03 11:06:00,2020,5,3,11,6,0
2020-05-03 17:38:00,2020,5,3,17,38,0
2020-05-04 18:55:00,2020,5,4,18,55,0
2020-04-21 19:12:00,2020,4,21,19,12,0
2020-04-22 19:38:00,2020,4,22,19,38,0
2020-04-24 16:28:00,2020,4,24,16,28,0
2020-04-25 12:18:00,2020,4,25,12,18,0
2020-04-28 10:54:00,2020,4,28,10,54,0
2020-04-28 17:38:00,2020,4,28,17,38,0
2020-04-29 14:37:00,2020,4,29,14,37,0
2020-04-29 19:49:00,2020,4,29,19,49,0
2020-04-30 13:36:00,2020,4,30,13,36,0
2020-05-01 12:21:00,2020,5,1,12,21,0
2020-05-02 11:43:00,2020,5,2,11,43,0
2020-05-03 11:07:00,2020,5,3,11,7,0
2020-05-03 18:29:00,2020,5,3,18,29,0
2020-05-04 18:56:00,2020,5,4,18,56,0
2020-04-21 20:24:00,2020,4,21,20,24,0
2020-04-24 16:30:00,2020,4,24,16,30,0
2020-04-25 12:23:00,2020,4,25,12,23,0
2020-04-28 11:11:00,2020,4,28,11,11,0
2020-04-28 18:17:00,2020,4,28,18,17,0
2020-04-29 14:43:00,2020,4,29,14,43,0
2020-04-30 13:41:00,2020,4,30,13,41,0
2020-05-01 12:23:00,2020,5,1,12,23,0
2020-05-02 11:45:00,2020,5,2,11,45,0
2020-05-03 11:33:00,2020,5,3,11,33,0
2020-05-03 19:02:00,2020,5,3,19,2,0
2020-05-04 19:11:00,2020,5,4,19,11,0
2020-04-21 21:21:00,2020,4,21,21,21,0
2020-04-25 12:24:00,2020,4,25,12,24,0
2020-04-28 11:40:00,2020,4,28,11,40,0
2020-04-28 18:29:00,2020,4,28,18,29,0
2020-04-29 14:45:00,2020,4,29,14,45,0
2020-04-30 16:22:00,2020,4,30,16,22,0
2020-05-01 12:24:00,2020,5,1,12,24,0
2020-05-02 11:57:00,2020,5,2,11,57,0
2020-05-03 11:37:00,2020,5,3,11,37,0
2020-05-03 19:12:00,2020,5,3,19,12,0
2020-05-04 19:18:00,2020,5,4,19,18,0
2020-04-21 21:37:00,2020,4,21,21,37,0
2020-04-25 12:36:00,2020,4,25,12,36,0
2020-04-28 11:43:00,2020,4,28,11,43,0
2020-04-28 18:44:00,2020,4,28,18,44,0
2020-04-29 14:52:00,2020,4,29,14,52,0
2020-04-30 16:23:00,2020,4,30,16,23,0
2020-05-01 12:25:00,2020,5,1,12,25,0
2020-05-02 12:04:00,2020,5,2,12,4,0
2020-05-03 11:46:00,2020,5,3,11,46,0
2020-05-04 19:30:00,2020,5,4,19,30,0
2020-04-21 22:02:00,2020,4,21,22,2,0
2020-04-25 12:49:00,2020,4,25,12,49,0
2020-04-28 11:52:00,2020,4,28,11,52,0
2020-04-28 18:50:00,2020,4,28,18,50,0
2020-04-29 15:00:00,2020,4,29,15,0,0
2020-04-30 16:27:00,2020,4,30,16,27,0
2020-05-01 12:26:00,2020,5,1,12,26,0
2020-05-02 12:06:00,2020,5,2,12,6,0
2020-05-03 11:48:00,2020,5,3,11,48,0
2020-05-04 19:31:00,2020,5,4,19,31,0
2020-04-21 22:18:00,2020,4,21,22,18,0
2020-04-25 12:50:00,2020,4,25,12,50,0
2020-04-28 11:53:00,2020,4,28,11,53,0
2020-04-28 19:29:00,2020,4,28,19,29,0
2020-04-29 15:18:00,2020,4,29,15,18,0
2020-04-30 16:29:00,2020,4,30,16,29,0
2020-05-01 12:27:00,2020,5,1,12,27,0
2020-05-02 12:07:00,2020,5,2,12,7,0
2020-05-03 11:55:00,2020,5,3,11,55,0
2020-05-04 19:32:00,2020,5,4,19,32,0
2020-04-25 13:03:00,2020,4,25,13,3,0
2020-04-28 11:55:00,2020,4,28,11,55,0
2020-04-28 19:31:00,2020,4,28,19,31,0
2020-04-29 15:31:00,2020,4,29,15,31,0
2020-04-30 16:31:00,2020,4,30,16,31,0
2020-05-01 12:28:00,2020,5,1,12,28,0
2020-05-02 12:15:00,2020,5,2,12,15,0
2020-05-03 11:56:00,2020,5,3,11,56,0
2020-05-04 19:41:00,2020,5,4,19,41,0
2020-04-25 13:06:00,2020,4,25,13,6,0
2020-04-28 11:56:00,2020,4,28,11,56,0
2020-04-28 19:34:00,2020,4,28,19,34,0
2020-04-30 16:34:00,2020,4,30,16,34,0
2020-05-01 12:49:00,2020,5,1,12,49,0
2020-05-02 12:34:00,2020,5,2,12,34,0
2020-05-03 11:59:00,2020,5,3,11,59,0
2020-05-04 19:55:00,2020,5,4,19,55,0
2020-04-25 13:22:00,2020,4,25,13,22,0
2020-04-28 12:01:00,2020,4,28,12,1,0
2020-04-28 19:35:00,2020,4,28,19,35,0
2020-04-30 16:38:00,2020,4,30,16,38,0
2020-05-01 12:50:00,2020,5,1,12,50,0
2020-05-02 12:49:00,2020,5,2,12,49,0
2020-05-03 12:10:00,2020,5,3,12,10,0
2020-05-04 19:56:00,2020,5,4,19,56,0
2020-04-25 13:23:00,2020,4,25,13,23,0
2020-04-28 12:09:00,2020,4,28,12,9,0
2020-04-28 19:37:00,2020,4,28,19,37,0
2020-04-30 16:41:00,2020,4,30,16,41,0
2020-05-01 12:57:00,2020,5,1,12,57,0
2020-05-02 13:09:00,2020,5,2,13,9,0
2020-05-03 12:17:00,2020,5,3,12,17,0
2020-05-04 20:06:00,2020,5,4,20,6,0
2020-04-25 13:37:00,2020,4,25,13,37,0
2020-04-28 19:45:00,2020,4,28,19,45,0
2020-04-30 16:55:00,2020,4,30,16,55,0
2020-05-03 12:22:00,2020,5,3,12,22,0
2020-05-04 20:07:00,2020,5,4,20,7,0
2020-04-25 13:48:00,2020,4,25,13,48,0
2020-04-28 19:58:00,2020,4,28,19,58,0
2020-04-30 16:57:00,2020,4,30,16,57,0
2020-05-03 12:45:00,2020,5,3,12,45,0
2020-05-04 20:08:00,2020,5,4,20,8,0
2020-04-25 13:50:00,2020,4,25,13,50,0
2020-04-28 19:59:00,2020,4,28,19,59,0
2020-04-30 17:00:00,2020,4,30,17,0,0
2020-05-03 13:56:00,2020,5,3,13,56,0
2020-05-04 20:09:00,2020,5,4,20,9,0
2020-04-25 13:51:00,2020,4,25,13,51,0
2020-04-28 20:02:00,2020,4,28,20,2,0
2020-04-30 17:08:00,2020,4,30,17,8,0
2020-05-03 14:09:00,2020,5,3,14,9,0
2020-05-04 20:10:00,2020,5,4,20,10,0
2020-04-25 13:56:00,2020,4,25,13,56,0
2020-04-28 20:04:00,2020,4,28,20,4,0
2020-04-30 17:13:00,2020,4,30,17,13,0
2020-05-03 14:19:00,2020,5,3,14,19,0
2020-05-04 20:14:00,2020,5,4,20,14,0
2020-04-25 14:19:00,2020,4,25,14,19,0
2020-04-28 20:26:00,2020,4,28,20,26,0
2020-04-30 17:22:00,2020,4,30,17,22,0
2020-05-03 14:20:00,2020,5,3,14,20,0
2020-05-04 20:43:00,2020,5,4,20,43,0
2020-04-25 14:51:00,2020,4,25,14,51,0
2020-04-28 20:30:00,2020,4,28,20,30,0
2020-04-30 17:49:00,2020,4,30,17,49,0
2020-05-03 14:22:00,2020,5,3,14,22,0
2020-04-25 14:54:00,2020,4,25,14,54,0
2020-04-28 20:42:00,2020,4,28,20,42,0
2020-04-30 18:16:00,2020,4,30,18,16,0
2020-05-03 14:34:00,2020,5,3,14,34,0
2020-04-25 14:55:00,2020,4,25,14,55,0
2020-04-28 20:43:00,2020,4,28,20,43,0
2020-04-30 18:20:00,2020,4,30,18,20,0
2020-05-03 14:35:00,2020,5,3,14,35,0
2020-04-25 15:47:00,2020,4,25,15,47,0
2020-04-28 21:16:00,2020,4,28,21,16,0
2020-04-30 18:46:00,2020,4,30,18,46,0
2020-04-25 15:51:00,2020,4,25,15,51,0
2020-04-28 21:23:00,2020,4,28,21,23,0
2020-04-30 19:00:00,2020,4,30,19,0,0
2020-04-25 16:06:00,2020,4,25,16,6,0
2020-04-28 21:25:00,2020,4,28,21,25,0
2020-04-30 19:05:00,2020,4,30,19,5,0
2020-04-25 16:10:00,2020,4,25,16,10,0
2020-04-28 21:47:00,2020,4,28,21,47,0
2020-04-30 19:27:00,2020,4,30,19,27,0
2020-04-25 16:13:00,2020,4,25,16,13,0
2020-04-28 21:48:00,2020,4,28,21,48,0
2020-04-30 19:33:00,2020,4,30,19,33,0
2020-04-25 16:21:00,2020,4,25,16,21,0
2020-04-28 22:46:00,2020,4,28,22,46,0
2020-04-30 19:46:00,2020,4,30,19,46,0
2020-04-25 16:22:00,2020,4,25,16,22,0
2020-04-28 23:18:00,2020,4,28,23,18,0
2020-04-30 19:47:00,2020,4,30,19,47,0
2020-04-25 16:27:00,2020,4,25,16,27,0
2020-04-28 23:32:00,2020,4,28,23,32,0
2020-04-30 19:58:00,2020,4,30,19,58,0
2020-04-25 16:36:00,2020,4,25,16,36,0
2020-04-29 01:23:00,2020,4,29,1,23,0
2020-04-30 20:02:00,2020,4,30,20,2,0
2020-04-25 17:35:00,2020,4,25,17,35,0
2020-04-30 20:36:00,2020,4,30,20,36,0
2020-04-25 17:37:00,2020,4,25,17,37,0
2020-04-30 20:53:00,2020,4,30,20,53,0
2020-04-25 17:39:00,2020,4,25,17,39,0
2020-04-30 20:56:00,2020,4,30,20,56,0
2020-04-25 17:45:00,2020,4,25,17,45,0
2020-04-30 20:58:00,2020,4,30,20,58,0
2020-04-25 17:50:00,2020,4,25,17,50,0
2020-04-30 21:01:00,2020,4,30,21,1,0
2020-04-25 18:04:00,2020,4,25,18,4,0
2020-04-25 18:09:00,2020,4,25,18,9,0
2020-04-25 18:10:00,2020,4,25,18,10,0
2020-04-25 18:11:00,2020,4,25,18,11,0
2020-04-25 18:26:00,2020,4,25,18,26,0
2020-04-25 18:27:00,2020,4,25,18,27,0
2020-04-25 18:47:00,2020,4,25,18,47,0
2020-04-25 18:51:00,2020,4,25,18,51,0
2020-04-25 19:16:00,2020,4,25,19,16,0
2020-04-25 19:20:00,2020,4,25,19,20,0
